ID_MUNIC,MUNIC,DRS,NOME DRS,RRAS,COD_RS,NOME,COD MUN RS
351050,Caraguatatuba,17,DRS XVII TAUBATE,17,35173,Litoral Norte,351050
352040,Ilhabela,17,DRS XVII TAUBATE,17,35173,Litoral Norte,352040
355070,Sao Sebastiao,17,DRS XVII TAUBATE,17,35173,Litoral Norte,355070
355540,Ubatuba,17,DRS XVII TAUBATE,17,35173,Litoral Norte,355540
350250,Aparecida,17,DRS XVII TAUBATE,17,35172,Circ. da Fe-V. Historico,350250
350315,Arapei,17,DRS XVII TAUBATE,17,35172,Circ. da Fe-V. Historico,350315
350350,Areias,17,DRS XVII TAUBATE,17,35172,Circ. da Fe-V. Historico,350350
350490,Bananal,17,DRS XVII TAUBATE,17,35172,Circ. da Fe-V. Historico,350490
350860,Cachoeira Paulista,17,DRS XVII TAUBATE,17,35172,Circ. da Fe-V. Historico,350860
350970,Campos do Jordao,17,DRS XVII TAUBATE,17,35174,V. Paraiba - R. Serrana,350970
350995,Canas,17,DRS XVII TAUBATE,17,35172,Circ. da Fe-V. Historico,350995
351340,Cruzeiro,17,DRS XVII TAUBATE,17,35172,Circ. da Fe-V. Historico,351340
351360,Cunha,17,DRS XVII TAUBATE,17,35172,Circ. da Fe-V. Historico,351360
351840,Guaratingueta,17,DRS XVII TAUBATE,17,35172,Circ. da Fe-V. Historico,351840
352630,Lagoinha,17,DRS XVII TAUBATE,17,35174,V. Paraiba - R. Serrana,352630
352660,Lavrinhas,17,DRS XVII TAUBATE,17,35172,Circ. da Fe-V. Historico,352660
352720,Lorena,17,DRS XVII TAUBATE,17,35172,Circ. da Fe-V. Historico,352720
353230,Natividade da Serra,17,DRS XVII TAUBATE,17,35174,V. Paraiba - R. Serrana,353230
353800,Pindamonhangaba,17,DRS XVII TAUBATE,17,35174,V. Paraiba - R. Serrana,353800
353850,Piquete,17,DRS XVII TAUBATE,17,35172,Circ. da Fe-V. Historico,353850
354075,Potim,17,DRS XVII TAUBATE,17,35172,Circ. da Fe-V. Historico,354075
354190,Queluz,17,DRS XVII TAUBATE,17,35172,Circ. da Fe-V. Historico,354190
354230,Redencao da Serra,17,DRS XVII TAUBATE,17,35174,V. Paraiba - R. Serrana,354230
354430,Roseira,17,DRS XVII TAUBATE,17,35172,Circ. da Fe-V. Historico,354430
354820,Santo Antonio do Pinhal,17,DRS XVII TAUBATE,17,35174,V. Paraiba - R. Serrana,354820
354860,Sao Bento do  Sapucai,17,DRS XVII TAUBATE,17,35174,V. Paraiba - R. Serrana,354860
354960,Sao Jose do  Barreiro,17,DRS XVII TAUBATE,17,35172,Circ. da Fe-V. Historico,354960
355000,Sao Luis do  Paraitinga,17,DRS XVII TAUBATE,17,35174,V. Paraiba - R. Serrana,355000
355200,Silveiras,17,DRS XVII TAUBATE,17,35172,Circ. da Fe-V. Historico,355200
355410,Taubate,17,DRS XVII TAUBATE,17,35174,V. Paraiba - R. Serrana,355410
355480,Tremembe,17,DRS XVII TAUBATE,17,35174,V. Paraiba - R. Serrana,355480
350635,Bertioga,4,DRS IV BAIXADA SANTISTA,7,35041,Baixada Santista,350635
351350,Cubatao,4,DRS IV BAIXADA SANTISTA,7,35041,Baixada Santista,351350
351870,Guaruja,4,DRS IV BAIXADA SANTISTA,7,35041,Baixada Santista,351870
352210,Itanhaem,4,DRS IV BAIXADA SANTISTA,7,35041,Baixada Santista,352210
353110,MongaguA,4,DRS IV BAIXADA SANTISTA,7,35041,Baixada Santista,353110
353760,Peruibe,4,DRS IV BAIXADA SANTISTA,7,35041,Baixada Santista,353760
354100,Praia Grande,4,DRS IV BAIXADA SANTISTA,7,35041,Baixada Santista,354100
354850,Santos,4,DRS IV BAIXADA SANTISTA,7,35041,Baixada Santista,354850
355100,Sao Vicente,4,DRS IV BAIXADA SANTISTA,7,35041,Baixada Santista,355100
351380,Diadema,1,DRs I CAPITAL,1,35015,Grande ABC,351380
352940,Maua,1,DRs I CAPITAL,1,35015,Grande ABC,352940
354330,Ribeirao Pires,1,DRs I CAPITAL,1,35015,Grande ABC,354330
354410,Rio Grande da Serra,1,DRs I CAPITAL,1,35015,Grande ABC,354410
354780,Santo Andre,1,DRs I CAPITAL,1,35015,Grande ABC,354780
354870,Sao Bernardo do  Campo,1,DRs I CAPITAL,1,35015,Grande ABC,354870
354880,Sao Caetano do Sul,1,DRs I CAPITAL,1,35015,Grande ABC,354880
350570,Barueri,1,DRs I CAPITAL,5,35014,Rota dos Bandeirantes,350570
351060,Carapicuiba,1,DRs I CAPITAL,5,35014,Rota dos Bandeirantes,351060
351300,Cotia,1,DRs I CAPITAL,4,35013,Mananciais,351300
351500,Embu,1,DRs I CAPITAL,4,35013,Mananciais,351500
351510,Embu-Guacu,1,DRs I CAPITAL,4,35013,Mananciais,351510
352220,Itapecerica da Serra,1,DRs I CAPITAL,4,35013,Mananciais,352220
352250,Itapevi,1,DRs I CAPITAL,5,35014,Rota dos Bandeirantes,352250
352500,Jandira,1,DRs I CAPITAL,5,35014,Rota dos Bandeirantes,352500
352620,Juquitiba,1,DRs I CAPITAL,4,35013,Mananciais,352620
353440,Osasco,1,DRs I CAPITAL,5,35014,Rota dos Bandeirantes,353440
353910,Pirapora do Bom Jesus,1,DRs I CAPITAL,5,35014,Rota dos Bandeirantes,353910
354730,Santana de Parnaiba,1,DRs I CAPITAL,5,35014,Rota dos Bandeirantes,354730
354995,Sao Lourenco da  Serra,1,DRs I CAPITAL,4,35013,Mananciais,354995
355280,Taboao da Serra,1,DRs I CAPITAL,4,35013,Mananciais,355280
355645,Vargem Grande Paulista,1,DRs I CAPITAL,4,35013,Mananciais,355645
350390,Aruja,1,DRs I CAPITAL,2,35011,Alto do Tiete,350390
350660,Biritiba-Mirim,1,DRs I CAPITAL,2,35011,Alto do Tiete,350660
351570,Ferraz de Vasconcelos,1,DRs I CAPITAL,2,35011,Alto do Tiete,351570
351830,Guararema,1,DRs I CAPITAL,2,35011,Alto do Tiete,351830
351880,Guarulhos,1,DRs I CAPITAL,2,35011,Alto do Tiete,351880
352310,Itaquaquecetuba,1,DRs I CAPITAL,2,35011,Alto do Tiete,352310
353060,Mogi das Cruzes,1,DRs I CAPITAL,2,35011,Alto do Tiete,353060
353980,Poa,1,DRs I CAPITAL,2,35011,Alto do Tiete,353980
354500,Salesopolis,1,DRs I CAPITAL,2,35011,Alto do Tiete,354500
354680,Santa Isabel,1,DRs I CAPITAL,2,35011,Alto do Tiete,354680
355250,Suzano,1,DRs I CAPITAL,2,35011,Alto do Tiete,355250
350850,Cacapava,17,DRS XVII TAUBATE,17,35171,Alto Vale do Paraiba,350850
352020,Igarata,17,DRS XVII TAUBATE,17,35171,Alto Vale do Paraiba,352020
352440,Jacarei,17,DRS XVII TAUBATE,17,35171,Alto Vale do Paraiba,352440
352490,Jambeiro,17,DRS XVII TAUBATE,17,35171,Alto Vale do Paraiba,352490
353170,Monteiro Lobato,17,DRS XVII TAUBATE,17,35171,Alto Vale do Paraiba,353170
353560,Paraibuna,17,DRS XVII TAUBATE,17,35171,Alto Vale do Paraiba,353560
354600,Santa Branca,17,DRS XVII TAUBATE,17,35171,Alto Vale do Paraiba,354600
354990,Sao Jose dos  Campos,17,DRS XVII TAUBATE,17,35171,Alto Vale do Paraiba,354990
,,,,,,,
350900,Caieiras,1,DRs I CAPITAL,3,35012,Franco da Rocha,350900
350920,Cajamar,1,DRs I CAPITAL,3,35012,Franco da Rocha,350920
351630,Francisco Morato,1,DRs I CAPITAL,3,35012,Franco da Rocha,351630
351640,Franco da Rocha,1,DRs I CAPITAL,3,35012,Franco da Rocha,351640
352850,Mairipora,1,DRs I CAPITAL,3,35012,Franco da Rocha,352850
350050,Aguas de Lindoia,7,DRS VII CAMPINAS,15,35074,Circuito das Aguas,350050
350160,Americana,7,DRS VII CAMPINAS,15,35072,Reg. Metrop. Campinas,350160
350190,Amparo,7,DRS VII CAMPINAS,15,35074,Circuito das Aguas,350190
350380,Artur Nogueira,7,DRS VII CAMPINAS,15,35072,Reg. Metrop. Campinas,350380
350410,Atibaia,7,DRS VII CAMPINAS,16,35071,Braganca,350410
350710,Bom Jesus dos Perdoes,7,DRS VII CAMPINAS,16,35071,Braganca,350710
350760,Braganca Paulista,7,DRS VII CAMPINAS,16,35071,Braganca,350760
350840,Cabreuva,7,DRS VII CAMPINAS,16,35073,Jundiai,350840
350950,Campinas,7,DRS VII CAMPINAS,15,35072,Reg. Metrop. Campinas,350950
350960,Campo Limpo Paulista,7,DRS VII CAMPINAS,16,35073,Jundiai,350960
351280,Cosmopolis,7,DRS VII CAMPINAS,15,35072,Reg. Metrop. Campinas,351280
351905,Holambra,7,DRS VII CAMPINAS,15,35072,Reg. Metrop. Campinas,351905
351907,Hortolandia,7,DRS VII CAMPINAS,15,35072,Reg. Metrop. Campinas,351907
352050,Indaiatuba,7,DRS VII CAMPINAS,15,35072,Reg. Metrop. Campinas,352050
352340,Itatiba,7,DRS VII CAMPINAS,15,35072,Reg. Metrop. Campinas,352340
352400,Itupeva,7,DRS VII CAMPINAS,16,35073,Jundiai,352400
352470,Jaguariuna,7,DRS VII CAMPINAS,15,35072,Reg. Metrop. Campinas,352470
352520,Jarinu,7,DRS VII CAMPINAS,16,35073,Jundiai,352520
352550,Joanopolis,7,DRS VII CAMPINAS,16,35071,Braganca,352550
352590,Jundiai,7,DRS VII CAMPINAS,16,35073,Jundiai,352590
352700,Lindoia,7,DRS VII CAMPINAS,15,35074,Circuito das Aguas,352700
352730,Louveira,7,DRS VII CAMPINAS,16,35073,Jundiai,352730
353120,Monte Alegre do Sul,7,DRS VII CAMPINAS,15,35074,Circuito das Aguas,353120
353180,Monte Mor,7,DRS VII CAMPINAS,15,35072,Reg. Metrop. Campinas,353180
353200,Morungaba,7,DRS VII CAMPINAS,15,35072,Reg. Metrop. Campinas,353200
353240,Nazare Paulista,7,DRS VII CAMPINAS,16,35071,Braganca,353240
353340,Nova Odessa,7,DRS VII CAMPINAS,15,35072,Reg. Metrop. Campinas,353340
353650,Paulinia,7,DRS VII CAMPINAS,15,35072,Reg. Metrop. Campinas,353650
353680,Pedra Bela,7,DRS VII CAMPINAS,16,35071,Braganca,353680
353710,Pedreira,7,DRS VII CAMPINAS,15,35072,Reg. Metrop. Campinas,353710
353820,Pinhalzinho,7,DRS VII CAMPINAS,16,35071,Braganca,353820
353860,Piracaia,7,DRS VII CAMPINAS,16,35071,Braganca,353860
354580,Santa BArbara d Oeste,7,DRS VII CAMPINAS,15,35072,Reg. Metrop. Campinas,354580
354800,Santo Antonio de Posse,7,DRS VII CAMPINAS,15,35072,Reg. Metrop. Campinas,354800
355160,Serra Negra,7,DRS VII CAMPINAS,15,35074,Circuito das Aguas,355160
355210,Socorro,7,DRS VII CAMPINAS,16,35071,Braganca,355210
355240,Sumare,7,DRS VII CAMPINAS,15,35072,Reg. Metrop. Campinas,355240
355495,Tuiuti,7,DRS VII CAMPINAS,16,35071,Braganca,355495
355620,Valinhos,7,DRS VII CAMPINAS,15,35072,Reg. Metrop. Campinas,355620
355635,Vargem,7,DRS VII CAMPINAS,16,35071,Braganca,355635
355650,Varzea Paulista,7,DRS VII CAMPINAS,16,35073,Jundiai,355650
355670,Vinhedo,7,DRS VII CAMPINAS,15,35072,Reg. Metrop. Campinas,355670
350540,Barra do Turvo,12,DRS XII REGISTRO,7,35121,Vale do Ribeira,350540
350925,Cajati,12,DRS XII REGISTRO,7,35121,Vale do Ribeira,350925
350990,Cananeia,12,DRS XII REGISTRO,7,35121,Vale do Ribeira,350990
351480,Eldorado,12,DRS XII REGISTRO,7,35121,Vale do Ribeira,351480
352030,Iguape,12,DRS XII REGISTRO,7,35121,Vale do Ribeira,352030
352042,Ilha Comprida,12,DRS XII REGISTRO,7,35121,Vale do Ribeira,352042
352120,Iporanga,12,DRS XII REGISTRO,7,35121,Vale do Ribeira,352120
352330,Itariri,12,DRS XII REGISTRO,7,35121,Vale do Ribeira,352330
352460,Jacupiranga,12,DRS XII REGISTRO,7,35121,Vale do Ribeira,352460
352610,Juquia,12,DRS XII REGISTRO,7,35121,Vale do Ribeira,352610
352990,Miracatu,12,DRS XII REGISTRO,7,35121,Vale do Ribeira,352990
353620,Pariquera-Acu,12,DRS XII REGISTRO,7,35121,Vale do Ribeira,353620
353720,Pedro de Toledo,12,DRS XII REGISTRO,7,35121,Vale do Ribeira,353720
354260,Registro,12,DRS XII REGISTRO,7,35121,Vale do Ribeira,354260
355180,Sete Barras,12,DRS XII REGISTRO,7,35121,Vale do Ribeira,355180
350270,Apiai,16,DRS XVI SOROCABA,8,35162,Itapeva,350270
350535,Barra do Chapeu,16,DRS XVI SOROCABA,8,35162,Itapeva,350535
350715,Bom Sucesso de Itarare,16,DRS XVI SOROCABA,8,35162,Itapeva,350715
350800,Buri,16,DRS XVI SOROCABA,8,35162,Itapeva,350800
351760,Guapiara,16,DRS XVI SOROCABA,8,35162,Itapeva,351760
352170,ItaberA,16,DRS XVI SOROCABA,8,35162,Itapeva,352170
352215,Itaoca,16,DRS XVI SOROCABA,8,35162,Itapeva,352215
352240,Itapeva,16,DRS XVI SOROCABA,8,35162,Itapeva,352240
352265,Itapirapua Paulista,16,DRS XVI SOROCABA,8,35162,Itapeva,352265
352320,Itarare,16,DRS XVI SOROCABA,8,35162,Itapeva,352320
353282,Nova Campina,16,DRS XVI SOROCABA,8,35162,Itapeva,353282
354280,Ribeira,16,DRS XVI SOROCABA,8,35162,Itapeva,354280
354300,Ribeirao Branco,16,DRS XVI SOROCABA,8,35162,Itapeva,354300
354350,Riversul,16,DRS XVI SOROCABA,8,35162,Itapeva,354350
355385,Taquarivai,16,DRS XVI SOROCABA,8,35162,Itapeva,355385
350075,Alambari,16,DRS XVI SOROCABA,8,35161,Itapetininga,350075
350115,Aluminio,16,DRS XVI SOROCABA,8,35163,Sorocaba,350115
350220,Angatuba,16,DRS XVI SOROCABA,8,35161,Itapetininga,350220
350275,Aracariguama,16,DRS XVI SOROCABA,8,35163,Sorocaba,350275
350290,Aracoiaba da Serra,16,DRS XVI SOROCABA,8,35163,Sorocaba,350290
350700,Boituva,16,DRS XVI SOROCABA,8,35163,Sorocaba,350700
350945,Campina do Monte Alegre,16,DRS XVI SOROCABA,8,35161,Itapetininga,350945
351020,Capao Bonito,16,DRS XVI SOROCABA,8,35161,Itapetininga,351020
351030,Capela do Alto,16,DRS XVI SOROCABA,8,35163,Sorocaba,351030
351150,Cerquilho,16,DRS XVI SOROCABA,8,35161,Itapetininga,351150
351160,Cesario Lange,16,DRS XVI SOROCABA,8,35161,Itapetininga,351160
351850,Guarei,16,DRS XVI SOROCABA,8,35161,Itapetininga,351850
351970,Ibiuna,16,DRS XVI SOROCABA,8,35163,Sorocaba,351970
352100,Ipero,16,DRS XVI SOROCABA,8,35163,Sorocaba,352100
352230,Itapetininga,16,DRS XVI SOROCABA,8,35161,Itapetininga,352230
352390,Itu,16,DRS XVI SOROCABA,8,35163,Sorocaba,352390
352585,Jumirim,16,DRS XVI SOROCABA,8,35163,Sorocaba,352585
352840,Mairinque,16,DRS XVI SOROCABA,8,35163,Sorocaba,352840
353780,Piedade,16,DRS XVI SOROCABA,8,35163,Sorocaba,353780
353790,Pilar do Sul,16,DRS XVI SOROCABA,8,35163,Sorocaba,353790
354060,Porto Feliz,16,DRS XVI SOROCABA,8,35163,Sorocaba,354060
354165,Quadra,16,DRS XVI SOROCABA,8,35161,Itapetininga,354165
354325,Ribeirao Grande,16,DRS XVI SOROCABA,8,35161,Itapetininga,354325
354520,Salto,16,DRS XVI SOROCABA,8,35163,Sorocaba,354520
354530,Salto de Pirapora,16,DRS XVI SOROCABA,8,35163,Sorocaba,354530
355020,Sao Miguel Arcanjo,16,DRS XVI SOROCABA,8,35161,Itapetininga,355020
355060,Sao Roque,16,DRS XVI SOROCABA,8,35163,Sorocaba,355060
355110,Sarapui,16,DRS XVI SOROCABA,8,35161,Itapetininga,355110
355220,Sorocaba,16,DRS XVI SOROCABA,8,35163,Sorocaba,355220
355350,Tapirai,16,DRS XVI SOROCABA,8,35163,Sorocaba,355350
355400,Tatui,16,DRS XVI SOROCABA,8,35161,Itapetininga,355400
355450,Tiete,16,DRS XVI SOROCABA,8,35163,Sorocaba,355450
355700,Votorantim,16,DRS XVI SOROCABA,8,35163,Sorocaba,355700
350055,Aguas de Santa Barbara,6,DRS VI BAURU,9,35061,Vale do Jurumirim,350055
350230,Anhembi,6,DRS VI BAURU,9,35063,Polo Cuesta,350230
350310,Arandu,6,DRS VI BAURU,9,35061,Vale do Jurumirim,350310
350360,Areiopolis,6,DRS VI BAURU,9,35063,Polo Cuesta,350360
350450,Avare,6,DRS VI BAURU,9,35061,Vale do Jurumirim,350450
350500,Barao de Antonina,6,DRS VI BAURU,9,35061,Vale do Jurumirim,350500
350690,Bofete,6,DRS VI BAURU,9,35063,Polo Cuesta,350690
350750,Botucatu,6,DRS VI BAURU,9,35063,Polo Cuesta,350750
351140,Cerqueira Cesar,6,DRS VI BAURU,9,35061,Vale do Jurumirim,351140
351230,Conchas,6,DRS VI BAURU,9,35063,Polo Cuesta,351230
351260,Coronel Macedo,6,DRS VI BAURU,9,35061,Vale do Jurumirim,351260
351540,Fartura,6,DRS VI BAURU,9,35061,Vale do Jurumirim,351540
351925,Iaras,6,DRS VI BAURU,9,35061,Vale do Jurumirim,351925
352180,Itai,6,DRS VI BAURU,9,35061,Vale do Jurumirim,352180
352280,Itaporanga,6,DRS VI BAURU,9,35061,Vale do Jurumirim,352280
352350,Itatinga,6,DRS VI BAURU,9,35063,Polo Cuesta,352350
352640,Laranjal Paulista,6,DRS VI BAURU,9,35063,Polo Cuesta,352640
352860,Manduri,6,DRS VI BAURU,9,35061,Vale do Jurumirim,352860
353580,Paranapanema,6,DRS VI BAURU,9,35061,Vale do Jurumirim,353580
353610,Pardinho,6,DRS VI BAURU,9,35063,Polo Cuesta,353610
353750,Pereiras,6,DRS VI BAURU,9,35063,Polo Cuesta,353750
353880,Piraju,6,DRS VI BAURU,9,35061,Vale do Jurumirim,353880
354050,Porangaba,6,DRS VI BAURU,9,35063,Polo Cuesta,354050
354105,Pratania,6,DRS VI BAURU,9,35063,Polo Cuesta,354105
355010,Sao Manuel,6,DRS VI BAURU,9,35063,Polo Cuesta,355010
355120,Sarutaia,6,DRS VI BAURU,9,35061,Vale do Jurumirim,355120
355300,Taguai,6,DRS VI BAURU,9,35061,Vale do Jurumirim,355300
355380,Taquarituba,6,DRS VI BAURU,9,35061,Vale do Jurumirim,355380
355420,TejupA,6,DRS VI BAURU,9,35061,Vale do Jurumirim,355420
355465,Torre de Pedra,6,DRS VI BAURU,9,35063,Polo Cuesta,355465
350400,Assis,9,DRS IX MARILIA,10,35092,Assis,350400
350630,Bernardino de Campos,9,DRS IX MARILIA,10,35094,Ourinhos,350630
350720,Bora,9,DRS IX MARILIA,10,35092,Assis,350720
351000,Candido Mota,9,DRS IX MARILIA,10,35092,Assis,351000
351015,Canitar,9,DRS IX MARILIA,10,35094,Ourinhos,351015
351330,CruzAlia,9,DRS IX MARILIA,10,35092,Assis,351330
351519,Espirito Santo do Turvo,9,DRS IX MARILIA,10,35094,Ourinhos,351519
351610,Florinia,9,DRS IX MARILIA,10,35092,Assis,351610
351950,Ibirarema,9,DRS IX MARILIA,10,35092,Assis,351950
352090,Ipaussu,9,DRS IX MARILIA,10,35094,Ourinhos,352090
352790,Lutecia,9,DRS IX MARILIA,10,35092,Assis,352790
352880,Maracai,9,DRS IX MARILIA,10,35092,Assis,352880
353380,oleo,9,DRS IX MARILIA,10,35094,Ourinhos,353380
353470,Ourinhos,9,DRS IX MARILIA,10,35094,Ourinhos,353470
353530,Palmital,9,DRS IX MARILIA,10,35092,Assis,353530
353550,Paraguacu Paulista,9,DRS IX MARILIA,10,35092,Assis,353550
353715,Pedrinhas Paulista,9,DRS IX MARILIA,10,35092,Assis,353715
353970,Platina,9,DRS IX MARILIA,10,35092,Assis,353970
354320,Ribeirao do Sul,9,DRS IX MARILIA,10,35094,Ourinhos,354320
354540,Salto Grande,9,DRS IX MARILIA,10,35094,Ourinhos,354540
354640,Santa Cruz do Rio Pardo,9,DRS IX MARILIA,10,35094,Ourinhos,354640
355050,Sao Pedro do Turvo,9,DRS IX MARILIA,10,35094,Ourinhos,355050
355395,Taruma,9,DRS IX MARILIA,10,35092,Assis,355395
355460,Timburi,9,DRS IX MARILIA,10,35094,Ourinhos,355460
355720,Chavantes,9,DRS IX MARILIA,10,35094,Ourinhos,355720
350060,Aguas de Sao Pedro,10,DRS X PIRACICABA,14,35103,Piracicaba,350060
350200,Analandia,10,DRS X PIRACICABA,14,35104,Rio Claro,350200
350330,Araras,10,DRS X PIRACICABA,14,35101,Araras,350330
351040,Capivari,10,DRS X PIRACICABA,14,35103,Piracicaba,351040
351170,Charqueada,10,DRS X PIRACICABA,14,35103,Piracicaba,351170
351220,Conchal,10,DRS X PIRACICABA,14,35101,Araras,351220
351240,Cordeiropolis,10,DRS X PIRACICABA,14,35102,Limeira,351240
351270,Corumbatai,10,DRS X PIRACICABA,14,35104,Rio Claro,351270
351490,Elias Fausto,10,DRS X PIRACICABA,14,35103,Piracicaba,351490
351515,Engenheiro Coelho,10,DRS X PIRACICABA,14,35102,Limeira,351515
352110,Ipeuna,10,DRS X PIRACICABA,14,35104,Rio Claro,352110
352140,Iracemapolis,10,DRS X PIRACICABA,14,35102,Limeira,352140
352360,Itirapina,10,DRS X PIRACICABA,14,35104,Rio Claro,352360
352670,Leme,10,DRS X PIRACICABA,14,35101,Araras,352670
352690,Limeira,10,DRS X PIRACICABA,14,35102,Limeira,352690
353090,Mombuca,10,DRS X PIRACICABA,14,35103,Piracicaba,353090
353870,Piracicaba,10,DRS X PIRACICABA,14,35103,Piracicaba,353870
353930,Pirassununga,10,DRS X PIRACICABA,14,35101,Araras,353930
354210,Rafard,10,DRS X PIRACICABA,14,35103,Piracicaba,354210
354390,Rio Claro,10,DRS X PIRACICABA,14,35104,Rio Claro,354390
354400,Rio das Pedras,10,DRS X PIRACICABA,14,35103,Piracicaba,354400
354515,Saltinho,10,DRS X PIRACICABA,14,35103,Piracicaba,354515
354620,Santa Cruz da Conceicao,10,DRS X PIRACICABA,14,35101,Araras,354620
354670,Santa Gertrudes,10,DRS X PIRACICABA,14,35104,Rio Claro,354670
354700,Santa Maria da Serra,10,DRS X PIRACICABA,14,35103,Piracicaba,354700
355040,Sao Pedro,10,DRS X PIRACICABA,14,35103,Piracicaba,355040
350030,Aguai,14,DRS XIV SJ DA BOA VISTA,15,35142,Mantiqueira,350030
350040,Aguas da Prata,14,DRS XIV SJ DA BOA VISTA,15,35142,Mantiqueira,350040
350870,Caconde,14,DRS XIV SJ DA BOA VISTA,15,35143,Rio Pardo,350870
351080,Casa Branca,14,DRS XIV SJ DA BOA VISTA,15,35143,Rio Pardo,351080
351390,Divinolandia,14,DRS XIV SJ DA BOA VISTA,15,35143,Rio Pardo,351390
351518,Espirito Santo do Pinhal,14,DRS XIV SJ DA BOA VISTA,15,35142,Mantiqueira,351518
352260,Itapira,14,DRS XIV SJ DA BOA VISTA,15,35141,Baixa Mogiana,352260
352380,Itobi,14,DRS XIV SJ DA BOA VISTA,15,35143,Rio Pardo,352380
353050,Mococa,14,DRS XIV SJ DA BOA VISTA,15,35143,Rio Pardo,353050
353070,Mogi Guacu,14,DRS XIV SJ DA BOA VISTA,15,35141,Baixa Mogiana,353070
353080,Moji Mirim,14,DRS XIV SJ DA BOA VISTA,15,35141,Baixa Mogiana,353080
354630,Santa Cruz das Palmeiras,14,DRS XIV SJ DA BOA VISTA,15,35142,Mantiqueira,354630
354810,Santo Antonio do Jardim,14,DRS XIV SJ DA BOA VISTA,15,35142,Mantiqueira,354810
354910,Sao Joao da Boa  Vista,14,DRS XIV SJ DA BOA VISTA,15,35142,Mantiqueira,354910
354970,Sao Jose do Rio  Pardo,14,DRS XIV SJ DA BOA VISTA,15,35143,Rio Pardo,354970
355080,Sao Sebastiao da  Grama,14,DRS XIV SJ DA BOA VISTA,15,35143,Rio Pardo,355080
355330,Tambau,14,DRS XIV SJ DA BOA VISTA,15,35142,Mantiqueira,355330
355360,Tapiratiba,14,DRS XIV SJ DA BOA VISTA,15,35143,Rio Pardo,355360
355640,Vargem Grande do Sul,14,DRS XIV SJ DA BOA VISTA,15,35142,Mantiqueira,355640
355730,Estiva Gerbi,14,DRS XIV SJ DA BOA VISTA,15,35141,Baixa Mogiana,355730
350170,Americo Brasiliense,3,DRS III ARARAQUARA,13,35031,Central do DRS III,350170
350320,Araraquara,3,DRS III ARARAQUARA,13,35031,Central do DRS III,350320
350670,Boa Esperanca do Sul,3,DRS III ARARAQUARA,13,35031,Central do DRS III,350670
350740,Borborema,3,DRS III ARARAQUARA,13,35032,Centro Oeste do DRS III,350740
351010,Candido Rodrigues,3,DRS III ARARAQUARA,13,35033,Norte do DRS III,351010
351370,Descalvado,3,DRS III ARARAQUARA,13,35034,Coracao do DRS III,351370
351400,Dobrada,3,DRS III ARARAQUARA,13,35033,Norte do DRS III,351400
351430,Dourado,3,DRS III ARARAQUARA,13,35034,Coracao do DRS III,351430
351685,Gaviao Peixoto,3,DRS III ARARAQUARA,13,35031,Central do DRS III,351685
351930,Ibate,3,DRS III ARARAQUARA,13,35034,Coracao do DRS III,351930
351960,Ibitinga,3,DRS III ARARAQUARA,13,35032,Centro Oeste do DRS III,351960
352270,ItApolis,3,DRS III ARARAQUARA,13,35032,Centro Oeste do DRS III,352270
352930,Matao,3,DRS III ARARAQUARA,13,35033,Norte do DRS III,352930
353205,Motuca,3,DRS III ARARAQUARA,13,35031,Central do DRS III,353205
353290,Nova Europa,3,DRS III ARARAQUARA,13,35032,Centro Oeste do DRS III,353290
354070,Porto Ferreira,3,DRS III ARARAQUARA,13,35034,Coracao do DRS III,354070
354290,Ribeirao Bonito,3,DRS III ARARAQUARA,13,35034,Coracao do DRS III,354290
354370,Rincao,3,DRS III ARARAQUARA,13,35031,Central do DRS III,354370
354650,Santa Ernestina,3,DRS III ARARAQUARA,13,35033,Norte do DRS III,354650
354690,Santa Lucia,3,DRS III ARARAQUARA,13,35031,Central do DRS III,354690
354890,Sao Carlos,3,DRS III ARARAQUARA,13,35034,Coracao do DRS III,354890
355270,Tabatinga,3,DRS III ARARAQUARA,13,35032,Centro Oeste do DRS III,355270
355370,Taquaritinga,3,DRS III ARARAQUARA,13,35033,Norte do DRS III,355370
355475,Trabiju,3,DRS III ARARAQUARA,13,35031,Central do DRS III,355475
350100,Altinopolis,13,DRS XIII RIBEIRAO PRETO,13,35133,Vale das Cachoeiras,350100
350560,Barrinha,13,DRS XIII RIBEIRAO PRETO,13,35131,Horizonte Verde,350560
350590,Batatais,13,DRS XIII RIBEIRAO PRETO,13,35133,Vale das Cachoeiras,350590
350780,Brodowski,13,DRS XIII RIBEIRAO PRETO,13,35133,Vale das Cachoeiras,350780
350940,Cajuru,13,DRS XIII RIBEIRAO PRETO,13,35133,Vale das Cachoeiras,350940
351090,Cassia dos Coqueiros,13,DRS XIII RIBEIRAO PRETO,13,35133,Vale das Cachoeiras,351090
351310,Cravinhos,13,DRS XIII RIBEIRAO PRETO,13,35132,Aquifero Guarani,351310
351460,Dumont,13,DRS XIII RIBEIRAO PRETO,13,35131,Horizonte Verde,351460
351860,Guariba,13,DRS XIII RIBEIRAO PRETO,13,35131,Horizonte Verde,351860
351885,Guatapara,13,DRS XIII RIBEIRAO PRETO,13,35132,Aquifero Guarani,351885
352430,Jaboticabal,13,DRS XIII RIBEIRAO PRETO,13,35131,Horizonte Verde,352430
352510,Jardinopolis,13,DRS XIII RIBEIRAO PRETO,13,35132,Aquifero Guarani,352510
352760,Luis Antonio,13,DRS XIII RIBEIRAO PRETO,13,35132,Aquifero Guarani,352760
353130,Monte Alto,13,DRS XIII RIBEIRAO PRETO,13,35131,Horizonte Verde,353130
353950,Pitangueiras,13,DRS XIII RIBEIRAO PRETO,13,35131,Horizonte Verde,353950
354020,Pontal,13,DRS XIII RIBEIRAO PRETO,13,35131,Horizonte Verde,354020
354090,Pradopolis,13,DRS XIII RIBEIRAO PRETO,13,35131,Horizonte Verde,354090
354340,Ribeirao Preto,13,DRS XIII RIBEIRAO PRETO,13,35132,Aquifero Guarani,354340
354625,Santa Cruz da Esperanca,13,DRS XIII RIBEIRAO PRETO,13,35133,Vale das Cachoeiras,354625
354750,Santa Rita do Passa Quatro,13,DRS XIII RIBEIRAO PRETO,13,35132,Aquifero Guarani,354750
354760,Santa Rosa de Viterbo,13,DRS XIII RIBEIRAO PRETO,13,35132,Aquifero Guarani,354760
354790,Santo Antonio da Alegria,13,DRS XIII RIBEIRAO PRETO,13,35133,Vale das Cachoeiras,354790
355090,Sao Simao,13,DRS XIII RIBEIRAO PRETO,13,35132,Aquifero Guarani,355090
355140,Serra Azul,13,DRS XIII RIBEIRAO PRETO,13,35132,Aquifero Guarani,355140
355150,Serrana,13,DRS XIII RIBEIRAO PRETO,13,35132,Aquifero Guarani,355150
355170,Sertaozinho,13,DRS XIII RIBEIRAO PRETO,13,35131,Horizonte Verde,355170
350300,Aramina,8,DRS VIII FRANCA,13,35083,Alta Mogiana,350300
350820,Buritizal,8,DRS VIII FRANCA,13,35083,Alta Mogiana,350820
351320,Cristais Paulista,8,DRS VIII FRANCA,13,35081,Tres Colinas,351320
351620,Franca,8,DRS VIII FRANCA,13,35081,Tres Colinas,351620
351770,Guara,8,DRS VIII FRANCA,13,35083,Alta Mogiana,351770
352010,Igarapava,8,DRS VIII FRANCA,13,35083,Alta Mogiana,352010
352130,Ipua,8,DRS VIII FRANCA,13,35082,Alta Anhanguera,352130
352370,Itirapua,8,DRS VIII FRANCA,13,35081,Tres Colinas,352370
352410,Ituverava,8,DRS VIII FRANCA,13,35083,Alta Mogiana,352410
352540,Jeriquara,8,DRS VIII FRANCA,13,35081,Tres Colinas,352540
352970,Miguelopolis,8,DRS VIII FRANCA,13,35083,Alta Mogiana,352970
353190,Morro Agudo,8,DRS VIII FRANCA,13,35082,Alta Anhanguera,353190
353360,Nuporanga,8,DRS VIII FRANCA,13,35082,Alta Anhanguera,353360
353430,Orlandia,8,DRS VIII FRANCA,13,35082,Alta Anhanguera,353430
353630,Patrocinio Paulista,8,DRS VIII FRANCA,13,35081,Tres Colinas,353630
353700,Pedregulho,8,DRS VIII FRANCA,13,35081,Tres Colinas,353700
354270,Restinga,8,DRS VIII FRANCA,13,35081,Tres Colinas,354270
354310,Ribeirao Corrente,8,DRS VIII FRANCA,13,35081,Tres Colinas,354310
354360,Rifaina,8,DRS VIII FRANCA,13,35081,Tres Colinas,354360
354490,Sales Oliveira,8,DRS VIII FRANCA,13,35082,Alta Anhanguera,354490
354940,Sao Joaquim da  Barra,8,DRS VIII FRANCA,13,35082,Alta Anhanguera,354940
354950,Sao Jose da Bela  Vista,8,DRS VIII FRANCA,13,35081,Tres Colinas,354950
350090,Altair,5,DRS V BARRETOS,13,35051,Norte - Barretos,350090
350550,Barretos,5,DRS V BARRETOS,13,35051,Norte - Barretos,350550
350610,Bebedouro,5,DRS V BARRETOS,13,35052,Sul - Barretos,350610
350930,Cajobi,5,DRS V BARRETOS,13,35051,Norte - Barretos,350930
351200,Colina,5,DRS V BARRETOS,13,35051,Norte - Barretos,351200
351210,Colombia,5,DRS V BARRETOS,13,35051,Norte - Barretos,351210
351740,Guaira,5,DRS V BARRETOS,13,35051,Norte - Barretos,351740
351790,Guaraci,5,DRS V BARRETOS,13,35051,Norte - Barretos,351790
352420,Jaborandi,5,DRS V BARRETOS,13,35051,Norte - Barretos,352420
353150,Monte Azul Paulista,5,DRS V BARRETOS,13,35052,Sul - Barretos,353150
353390,Olimpia,5,DRS V BARRETOS,13,35051,Norte - Barretos,353390
355190,Severinia,5,DRS V BARRETOS,13,35051,Norte - Barretos,355190
355310,Taiacu,5,DRS V BARRETOS,13,35052,Sul - Barretos,355310
355320,Taiuva,5,DRS V BARRETOS,13,35052,Sul - Barretos,355320
355365,Taquaral,5,DRS V BARRETOS,13,35052,Sul - Barretos,355365
355440,Terra Roxa,5,DRS V BARRETOS,13,35052,Sul - Barretos,355440
355680,Viradouro,5,DRS V BARRETOS,13,35052,Sul - Barretos,355680
355690,Vista Alegre do Alto,5,DRS V BARRETOS,13,35052,Sul - Barretos,355690
350260,Aparecida d Oeste,15,DRS XV S J DO RIO PRETO,12,35153,Jales,350260
350395,AspAsia,15,DRS XV S J DO RIO PRETO,12,35153,Jales,350395
351385,Dirce Reis,15,DRS XV S J DO RIO PRETO,12,35153,Jales,351385
351420,Dolcinopolis,15,DRS XV S J DO RIO PRETO,12,35153,Jales,351420
351520,Estrela d Oeste,15,DRS XV S J DO RIO PRETO,12,35154,Fernandopolis,351520
351550,Fernandopolis,15,DRS XV S J DO RIO PRETO,12,35154,Fernandopolis,351550
351800,Guarani d Oeste,15,DRS XV S J DO RIO PRETO,12,35154,Fernandopolis,351800
352070,Indiapora,15,DRS XV S J DO RIO PRETO,12,35154,Fernandopolis,352070
352480,Jales,15,DRS XV S J DO RIO PRETO,12,35153,Jales,352480
352820,Macedonia,15,DRS XV S J DO RIO PRETO,12,35154,Fernandopolis,352820
352910,Marinopolis,15,DRS XV S J DO RIO PRETO,12,35153,Jales,352910
352960,Meridiano,15,DRS XV S J DO RIO PRETO,12,35154,Fernandopolis,352960
352965,Mesopolis,15,DRS XV S J DO RIO PRETO,12,35153,Jales,352965
353000,Mira Estrela,15,DRS XV S J DO RIO PRETO,12,35154,Fernandopolis,353000
353284,Nova Canaa Paulista,15,DRS XV S J DO RIO PRETO,12,35152,Santa Fe do Sul,353284
353475,Ouroeste,15,DRS XV S J DO RIO PRETO,12,35154,Fernandopolis,353475
353520,Palmeira d Oeste,15,DRS XV S J DO RIO PRETO,12,35153,Jales,353520
353590,Paranapua,15,DRS XV S J DO RIO PRETO,12,35153,Jales,353590
353690,Pedranopolis,15,DRS XV S J DO RIO PRETO,12,35154,Fernandopolis,353690
354025,Pontalinda,15,DRS XV S J DO RIO PRETO,12,35153,Jales,354025
354040,Populina,15,DRS XV S J DO RIO PRETO,12,35154,Fernandopolis,354040
354450,Rubineia,15,DRS XV S J DO RIO PRETO,12,35152,Santa Fe do Sul,354450
354570,Santa Albertina,15,DRS XV S J DO RIO PRETO,12,35153,Jales,354570
354610,Santa Clara d Oeste,15,DRS XV S J DO RIO PRETO,12,35152,Santa Fe do Sul,354610
354660,Santa Fe do Sul,15,DRS XV S J DO RIO PRETO,12,35152,Santa Fe do Sul,354660
354720,Santana da Ponte Pensa,15,DRS XV S J DO RIO PRETO,12,35153,Jales,354720
354740,Santa Rita d Oeste,15,DRS XV S J DO RIO PRETO,12,35152,Santa Fe do Sul,354740
354765,Santa Salete,15,DRS XV S J DO RIO PRETO,12,35153,Jales,354765
354900,Sao Francisco,15,DRS XV S J DO RIO PRETO,12,35153,Jales,354900
354920,Sao Joao das Duas  Pontes,15,DRS XV S J DO RIO PRETO,12,35154,Fernandopolis,354920
354925,Sao Joao de  Iracema,15,DRS XV S J DO RIO PRETO,12,35154,Fernandopolis,354925
355490,Tres Fronteiras,15,DRS XV S J DO RIO PRETO,12,35152,Santa Fe do Sul,355490
355530,Turmalina,15,DRS XV S J DO RIO PRETO,12,35154,Fernandopolis,355530
355580,Urania,15,DRS XV S J DO RIO PRETO,12,35153,Jales,355580
355695,Vitoria Brasil,15,DRS XV S J DO RIO PRETO,12,35153,Jales,355695
350020,Adolfo,15,DRS XV S J DO RIO PRETO,12,35156,Jose Bonifacio,350020
350120,Alvares Florence,15,DRS XV S J DO RIO PRETO,12,35157,Votuporanga,350120
350180,Americo de Campos,15,DRS XV S J DO RIO PRETO,12,35157,Votuporanga,350180
350370,Ariranha,15,DRS XV S J DO RIO PRETO,12,35151,Catanduva,350370
350460,Bady Bassitt,15,DRS XV S J DO RIO PRETO,12,35155,Sao Jose do Rio Preto,350460
350480,BAlsamo,15,DRS XV S J DO RIO PRETO,12,35155,Sao Jose do Rio Preto,350480
351070,Cardoso,15,DRS XV S J DO RIO PRETO,12,35157,Votuporanga,351070
351110,Catanduva,15,DRS XV S J DO RIO PRETO,12,35151,Catanduva,351110
351120,CatiguA,15,DRS XV S J DO RIO PRETO,12,35151,Catanduva,351120
351130,Cedral,15,DRS XV S J DO RIO PRETO,12,35155,Sao Jose do Rio Preto,351130
351290,Cosmorama,15,DRS XV S J DO RIO PRETO,12,35157,Votuporanga,351290
351492,ElisiArio,15,DRS XV S J DO RIO PRETO,12,35151,Catanduva,351492
351495,Embauba,15,DRS XV S J DO RIO PRETO,12,35151,Catanduva,351495
351560,Fernando Prestes,15,DRS XV S J DO RIO PRETO,12,35151,Catanduva,351560
351590,Floreal,15,DRS XV S J DO RIO PRETO,12,35157,Votuporanga,351590
351680,Gastao Vidigal,15,DRS XV S J DO RIO PRETO,12,35157,Votuporanga,351680
351690,General Salgado,15,DRS XV S J DO RIO PRETO,12,35157,Votuporanga,351690
351750,Guapiacu,15,DRS XV S J DO RIO PRETO,12,35155,Sao Jose do Rio Preto,351750
351940,IbirA,15,DRS XV S J DO RIO PRETO,12,35155,Sao Jose do Rio Preto,351940
351980,Icem,15,DRS XV S J DO RIO PRETO,12,35155,Sao Jose do Rio Preto,351980
352115,IpiguA,15,DRS XV S J DO RIO PRETO,12,35155,Sao Jose do Rio Preto,352115
352150,Irapua,15,DRS XV S J DO RIO PRETO,12,35151,Catanduva,352150
352190,Itajobi,15,DRS XV S J DO RIO PRETO,12,35151,Catanduva,352190
352450,Jaci,15,DRS XV S J DO RIO PRETO,12,35156,Jose Bonifacio,352450
352570,Jose Bonifacio,15,DRS XV S J DO RIO PRETO,12,35156,Jose Bonifacio,352570
352810,Macaubal,15,DRS XV S J DO RIO PRETO,12,35157,Votuporanga,352810
352830,Magda,15,DRS XV S J DO RIO PRETO,12,35157,Votuporanga,352830
352885,Marapoama,15,DRS XV S J DO RIO PRETO,12,35151,Catanduva,352885
352950,Mendonca,15,DRS XV S J DO RIO PRETO,12,35156,Jose Bonifacio,352950
353030,Mirassol,15,DRS XV S J DO RIO PRETO,12,35155,Sao Jose do Rio Preto,353030
353040,Mirassolandia,15,DRS XV S J DO RIO PRETO,12,35155,Sao Jose do Rio Preto,353040
353100,Moncoes,15,DRS XV S J DO RIO PRETO,12,35157,Votuporanga,353100
353140,Monte Aprazivel,15,DRS XV S J DO RIO PRETO,12,35156,Jose Bonifacio,353140
353250,Neves Paulista,15,DRS XV S J DO RIO PRETO,12,35155,Sao Jose do Rio Preto,353250
353260,Nhandeara,15,DRS XV S J DO RIO PRETO,12,35157,Votuporanga,353260
353270,Nipoa,15,DRS XV S J DO RIO PRETO,12,35156,Jose Bonifacio,353270
353280,Nova Alianca,15,DRS XV S J DO RIO PRETO,12,35155,Sao Jose do Rio Preto,353280
353300,Nova Granada,15,DRS XV S J DO RIO PRETO,12,35155,Sao Jose do Rio Preto,353300
353325,Novais,15,DRS XV S J DO RIO PRETO,12,35151,Catanduva,353325
353350,Novo Horizonte,15,DRS XV S J DO RIO PRETO,12,35151,Catanduva,353350
353400,Onda Verde,15,DRS XV S J DO RIO PRETO,12,35155,Sao Jose do Rio Preto,353400
353420,Orindiuva,15,DRS XV S J DO RIO PRETO,12,35155,Sao Jose do Rio Preto,353420
353500,Palestina,15,DRS XV S J DO RIO PRETO,12,35155,Sao Jose do Rio Preto,353500
353510,Palmares Paulista,15,DRS XV S J DO RIO PRETO,12,35151,Catanduva,353510
353570,Paraiso,15,DRS XV S J DO RIO PRETO,12,35151,Catanduva,353570
353625,Parisi,15,DRS XV S J DO RIO PRETO,12,35157,Votuporanga,353625
353660,Paulo de Faria,15,DRS XV S J DO RIO PRETO,12,35155,Sao Jose do Rio Preto,353660
353810,Pindorama,15,DRS XV S J DO RIO PRETO,12,35151,Catanduva,353810
353900,Pirangi,15,DRS XV S J DO RIO PRETO,12,35151,Catanduva,353900
353960,Planalto,15,DRS XV S J DO RIO PRETO,12,35156,Jose Bonifacio,353960
353990,Poloni,15,DRS XV S J DO RIO PRETO,12,35156,Jose Bonifacio,353990
354030,Pontes Gestal,15,DRS XV S J DO RIO PRETO,12,35157,Votuporanga,354030
354080,Potirendaba,15,DRS XV S J DO RIO PRETO,12,35155,Sao Jose do Rio Preto,354080
354420,Riolandia,15,DRS XV S J DO RIO PRETO,12,35157,Votuporanga,354420
354480,Sales,15,DRS XV S J DO RIO PRETO,12,35151,Catanduva,354480
354560,Santa Adelia,15,DRS XV S J DO RIO PRETO,12,35151,Catanduva,354560
354980,Sao Jose do Rio  Preto,15,DRS XV S J DO RIO PRETO,12,35155,Sao Jose do Rio Preto,354980
355130,Sebastianopolis do Sul,15,DRS XV S J DO RIO PRETO,12,35157,Votuporanga,355130
355260,Tabapua,15,DRS XV S J DO RIO PRETO,12,35151,Catanduva,355260
355340,Tanabi,15,DRS XV S J DO RIO PRETO,12,35155,Sao Jose do Rio Preto,355340
355535,Ubarana,15,DRS XV S J DO RIO PRETO,12,35156,Jose Bonifacio,355535
355560,Uchoa,15,DRS XV S J DO RIO PRETO,12,35155,Sao Jose do Rio Preto,355560
355570,Uniao Paulista,15,DRS XV S J DO RIO PRETO,12,35156,Jose Bonifacio,355570
355600,Urupes,15,DRS XV S J DO RIO PRETO,12,35151,Catanduva,355600
355610,Valentim Gentil,15,DRS XV S J DO RIO PRETO,12,35157,Votuporanga,355610
355710,Votuporanga,15,DRS XV S J DO RIO PRETO,12,35157,Votuporanga,355710
355715,Zacarias,15,DRS XV S J DO RIO PRETO,12,35156,Jose Bonifacio,355715
350110,Alto Alegre,2,DRS II ARACATUBA,12,35023,Consorcio do DRS II,350110
350210,Andradina,2,DRS II ARACATUBA,12,35022,Lagos do DRS II,350210
350280,Aracatuba,2,DRS II ARACATUBA,12,35021,Central do DRS II,350280
350420,Auriflama,2,DRS II ARACATUBA,12,35021,Central do DRS II,350420
350440,Avanhandava,2,DRS II ARACATUBA,12,35023,Consorcio do DRS II,350440
350510,Barbosa,2,DRS II ARACATUBA,12,35023,Consorcio do DRS II,350510
350620,Bento de Abreu,2,DRS II ARACATUBA,12,35021,Central do DRS II,350620
350640,Bilac,2,DRS II ARACATUBA,12,35021,Central do DRS II,350640
350650,Birigui,2,DRS II ARACATUBA,12,35023,Consorcio do DRS II,350650
350770,Brauna,2,DRS II ARACATUBA,12,35023,Consorcio do DRS II,350770
350775,Brejo Alegre,2,DRS II ARACATUBA,12,35023,Consorcio do DRS II,350775
350810,Buritama,2,DRS II ARACATUBA,12,35023,Consorcio do DRS II,350810
351100,Castilho,2,DRS II ARACATUBA,12,35022,Lagos do DRS II,351100
351190,Clementina,2,DRS II ARACATUBA,12,35023,Consorcio do DRS II,351190
351250,Coroados,2,DRS II ARACATUBA,12,35023,Consorcio do DRS II,351250
351650,Gabriel Monteiro,2,DRS II ARACATUBA,12,35023,Consorcio do DRS II,351650
351710,Glicerio,2,DRS II ARACATUBA,9,35023,Consorcio do DRS II,351710
351780,Guaracai,2,DRS II ARACATUBA,12,35022,Lagos do DRS II,351780
351820,Guararapes,2,DRS II ARACATUBA,12,35021,Central do DRS II,351820
351890,Guzolandia,2,DRS II ARACATUBA,12,35021,Central do DRS II,351890
352044,Ilha Solteira,2,DRS II ARACATUBA,12,35022,Lagos do DRS II,352044
352300,Itapura,2,DRS II ARACATUBA,12,35022,Lagos do DRS II,352300
352650,Lavinia,2,DRS II ARACATUBA,12,35022,Lagos do DRS II,352650
352725,Lourdes,2,DRS II ARACATUBA,12,35023,Consorcio do DRS II,352725
352770,Luiziania,2,DRS II ARACATUBA,12,35023,Consorcio do DRS II,352770
353010,Mirandopolis,2,DRS II ARACATUBA,12,35022,Lagos do DRS II,353010
353210,Murutinga do Sul,2,DRS II ARACATUBA,12,35022,Lagos do DRS II,353210
353286,Nova Castilho,2,DRS II ARACATUBA,12,35021,Central do DRS II,353286
353320,Nova Independencia,2,DRS II ARACATUBA,12,35022,Lagos do DRS II,353320
353330,Nova Luzitania,2,DRS II ARACATUBA,12,35021,Central do DRS II,353330
353730,Penapolis,2,DRS II ARACATUBA,12,35023,Consorcio do DRS II,353730
353740,Pereira Barreto,2,DRS II ARACATUBA,12,35022,Lagos do DRS II,353740
353770,Piacatu,2,DRS II ARACATUBA,12,35023,Consorcio do DRS II,353770
354440,RubiAcea,2,DRS II ARACATUBA,12,35021,Central do DRS II,354440
354805,Santo Antonio do Aracangua,2,DRS II ARACATUBA,12,35021,Central do DRS II,354805
354840,Santopolis do Aguapei,2,DRS II ARACATUBA,12,35023,Consorcio do DRS II,354840
355230,Sud Mennucci,2,DRS II ARACATUBA,12,35022,Lagos do DRS II,355230
355255,SuzanApolis,2,DRS II ARACATUBA,12,35022,Lagos do DRS II,355255
355520,Turiuba,2,DRS II ARACATUBA,12,35023,Consorcio do DRS II,355520
355630,Valparaiso,2,DRS II ARACATUBA,12,35021,Central do DRS II,355630
350070,Agudos,6,DRS VI BAURU,9,35062,Bauru,350070
350340,Arealva,6,DRS VI BAURU,9,35062,Bauru,350340
350430,Avai,6,DRS VI BAURU,9,35062,Bauru,350430
350470,Balbinos,6,DRS VI BAURU,9,35062,Bauru,350470
350520,Bariri,6,DRS VI BAURU,9,35064,Jau,350520
350530,Barra Bonita,6,DRS VI BAURU,9,35064,Jau,350530
350600,Bauru,6,DRS VI BAURU,9,35062,Bauru,350600
350680,Bocaina,6,DRS VI BAURU,9,35064,Jau,350680
350730,Boraceia,6,DRS VI BAURU,9,35064,Jau,350730
350745,Borebi,6,DRS VI BAURU,9,35062,Bauru,350745
350790,Brotas,6,DRS VI BAURU,9,35064,Jau,350790
350830,Cabralia Paulista,6,DRS VI BAURU,9,35062,Bauru,350830
350880,Cafelandia,6,DRS VI BAURU,9,35065,Lins,350880
351410,Dois Corregos,6,DRS VI BAURU,9,35064,Jau,351410
351450,Duartina,6,DRS VI BAURU,9,35062,Bauru,351450
351700,Getulina,6,DRS VI BAURU,9,35065,Lins,351700
351720,Guaicara,6,DRS VI BAURU,12,35065,Lins,351720
351910,Iacanga,6,DRS VI BAURU,9,35062,Bauru,351910
352000,Igaracu do Tiete,6,DRS VI BAURU,9,35064,Jau,352000
352200,Itaju,6,DRS VI BAURU,9,35064,Jau,352200
352290,Itapui,6,DRS VI BAURU,9,35064,Jau,352290
352530,Jau,6,DRS VI BAURU,9,35064,Jau,352530
352680,Lencois Paulista,6,DRS VI BAURU,9,35062,Bauru,352680
352710,Lins,6,DRS VI BAURU,9,35065,Lins,352710
352750,Lucianopolis,6,DRS VI BAURU,9,35062,Bauru,352750
352800,Macatuba,6,DRS VI BAURU,9,35062,Bauru,352800
352980,Mineiros do Tiete,6,DRS VI BAURU,9,35064,Jau,352980
353657,Paulistania,6,DRS VI BAURU,9,35062,Bauru,353657
353670,Pederneiras,6,DRS VI BAURU,9,35062,Bauru,353670
353890,Pirajui,6,DRS VI BAURU,9,35062,Bauru,353890
353940,Piratininga,6,DRS VI BAURU,9,35062,Bauru,353940
354010,Pongai,6,DRS VI BAURU,9,35065,Lins,354010
354110,Presidente Alves,6,DRS VI BAURU,9,35062,Bauru,354110
354160,PromisSao,6,DRS VI BAURU,9,35065,Lins,354160
354250,Reginopolis,6,DRS VI BAURU,9,35062,Bauru,354250
354460,Sabino,6,DRS VI BAURU,9,35065,Lins,354460
355470,Torrinha,6,DRS VI BAURU,9,35064,Jau,355470
355590,Uru,6,DRS VI BAURU,9,35065,Lins,355590
350010,Adamantina,9,DRS IX MARILIA,10,35091,Adamantina,350010
350140,Alvaro de Carvalho,9,DRS IX MARILIA,10,35093,Marilia,350140
350150,Alvinlandia,9,DRS IX MARILIA,10,35093,Marilia,350150
350335,Arco-iris,9,DRS IX MARILIA,10,35095,Tupa,350335
350580,Bastos,9,DRS IX MARILIA,10,35095,Tupa,350580
350980,Campos Novos Paulista,9,DRS IX MARILIA,10,35093,Marilia,350980
351470,Echapora,9,DRS IX MARILIA,10,35093,Marilia,351470
351565,Fernao,9,DRS IX MARILIA,10,35093,Marilia,351565
351600,Florida Paulista,9,DRS IX MARILIA,10,35091,Adamantina,351600
351660,Galia,9,DRS IX MARILIA,10,35093,Marilia,351660
351670,Garca,9,DRS IX MARILIA,10,35093,Marilia,351670
351730,Guaimbe,9,DRS IX MARILIA,10,35093,Marilia,351730
351810,Guaranta,9,DRS IX MARILIA,10,35093,Marilia,351810
351900,Herculandia,9,DRS IX MARILIA,10,35095,Tupa,351900
351920,Iacri,9,DRS IX MARILIA,10,35095,Tupa,351920
352080,Inubia Paulista,9,DRS IX MARILIA,10,35091,Adamantina,352080
352580,Julio Mesquita,9,DRS IX MARILIA,10,35093,Marilia,352580
352740,Lucelia,9,DRS IX MARILIA,10,35091,Adamantina,352740
352780,Lupercio,9,DRS IX MARILIA,10,35093,Marilia,352780
352890,Mariapolis,9,DRS IX MARILIA,10,35091,Adamantina,352890
352900,Marilia,9,DRS IX MARILIA,10,35093,Marilia,352900
353370,Ocaucu,9,DRS IX MARILIA,10,35093,Marilia,353370
353410,Oriente,9,DRS IX MARILIA,10,35093,Marilia,353410
353450,Oscar Bressane,9,DRS IX MARILIA,10,35093,Marilia,353450
353460,Osvaldo Cruz,9,DRS IX MARILIA,10,35091,Adamantina,353460
353490,Pacaembu,9,DRS IX MARILIA,10,35091,Adamantina,353490
353600,Parapua,9,DRS IX MARILIA,10,35095,Tupa,353600
354000,Pompeia,9,DRS IX MARILIA,10,35093,Marilia,354000
354085,Pracinha,9,DRS IX MARILIA,10,35091,Adamantina,354085
354180,Queiroz,9,DRS IX MARILIA,10,35095,Tupa,354180
354200,Quintana,9,DRS IX MARILIA,10,35093,Marilia,354200
354380,Rinopolis,9,DRS IX MARILIA,10,35095,Tupa,354380
354470,Sagres,9,DRS IX MARILIA,10,35091,Adamantina,354470
354510,Salmourao,9,DRS IX MARILIA,10,35091,Adamantina,354510
355500,Tupa,9,DRS IX MARILIA,10,35095,Tupa,355500
355550,Ubirajara,9,DRS IX MARILIA,10,35093,Marilia,355550
355660,Vera Cruz,9,DRS IX MARILIA,10,35093,Marilia,355660
350080,Alfredo Marcondes,11,DRS XI PRES. PRUDENTE,11,35112,Alta Sorocabana,350080
350130,Alvares Machado,11,DRS XI PRES. PRUDENTE,11,35112,Alta Sorocabana,350130
350240,Anhumas,11,DRS XI PRES. PRUDENTE,11,35112,Alta Sorocabana,350240
350890,Caiabu,11,DRS XI PRES. PRUDENTE,11,35112,Alta Sorocabana,350890
351512,Emilianopolis,11,DRS XI PRES. PRUDENTE,11,35112,Alta Sorocabana,351512
351530,Estrela do Norte,11,DRS XI PRES. PRUDENTE,11,35112,Alta Sorocabana,351530
351990,Iepe,11,DRS XI PRES. PRUDENTE,11,35113,Alto Capivari,351990
352060,Indiana,11,DRS XI PRES. PRUDENTE,11,35112,Alta Sorocabana,352060
352560,Joao Ramalho,11,DRS XI PRES. PRUDENTE,11,35113,Alto Capivari,352560
352920,Martinopolis,11,DRS XI PRES. PRUDENTE,11,35112,Alta Sorocabana,352920
353215,Nantes,11,DRS XI PRES. PRUDENTE,11,35113,Alto Capivari,353215
353220,Narandiba,11,DRS XI PRES. PRUDENTE,11,35112,Alta Sorocabana,353220
353920,Pirapozinho,11,DRS XI PRES. PRUDENTE,11,35112,Alta Sorocabana,353920
354120,Presidente Bernardes,11,DRS XI PRES. PRUDENTE,11,35112,Alta Sorocabana,354120
354140,Presidente Prudente,11,DRS XI PRES. PRUDENTE,11,35112,Alta Sorocabana,354140
354170,Quata,11,DRS XI PRES. PRUDENTE,11,35113,Alto Capivari,354170
354220,Rancharia,11,DRS XI PRES. PRUDENTE,11,35113,Alto Capivari,354220
354240,Regente Feijo,11,DRS XI PRES. PRUDENTE,11,35112,Alta Sorocabana,354240
354323,Ribeirao dos indios,11,DRS XI PRES. PRUDENTE,11,35112,Alta Sorocabana,354323
354550,Sandovalina,11,DRS XI PRES. PRUDENTE,11,35112,Alta Sorocabana,354550
354770,Santo Anastacio,11,DRS XI PRES. PRUDENTE,11,35112,Alta Sorocabana,354770
354830,Santo Expedito,11,DRS XI PRES. PRUDENTE,11,35112,Alta Sorocabana,354830
355290,Taciba,11,DRS XI PRES. PRUDENTE,11,35112,Alta Sorocabana,355290
355390,Tarabai,11,DRS XI PRES. PRUDENTE,11,35112,Alta Sorocabana,355390
350910,Caiua,11,DRS XI PRES. PRUDENTE,11,35114,Extremo Oeste Paulista,350910
351440,Dracena,11,DRS XI PRES. PRUDENTE,11,35111,Alta Paulista,351440
351535,Euclides da Cunha Paulista,11,DRS XI PRES. PRUDENTE,11,35115,Pontal do Paranapanema,351535
351580,Flora Rica,11,DRS XI PRES. PRUDENTE,11,35111,Alta Paulista,351580
352160,Irapuru,11,DRS XI PRES. PRUDENTE,11,35111,Alta Paulista,352160
352600,Junqueiropolis,11,DRS XI PRES. PRUDENTE,11,35111,Alta Paulista,352600
352870,MarabA Paulista,11,DRS XI PRES. PRUDENTE,11,35114,Extremo Oeste Paulista,352870
353020,Mirante do Paranapanema,11,DRS XI PRES. PRUDENTE,11,35115,Pontal do Paranapanema,353020
353160,Monte Castelo,11,DRS XI PRES. PRUDENTE,11,35111,Alta Paulista,353160
353310,Nova Guataporanga,11,DRS XI PRES. PRUDENTE,11,35111,Alta Paulista,353310
353480,Ouro Verde,11,DRS XI PRES. PRUDENTE,11,35111,Alta Paulista,353480
353540,Panorama,11,DRS XI PRES. PRUDENTE,11,35111,Alta Paulista,353540
353640,Pauliceia,11,DRS XI PRES. PRUDENTE,11,35111,Alta Paulista,353640
353830,Piquerobi,11,DRS XI PRES. PRUDENTE,11,35114,Extremo Oeste Paulista,353830
354130,Presidente EpitAcio,11,DRS XI PRES. PRUDENTE,11,35114,Extremo Oeste Paulista,354130
354150,Presidente Venceslau,11,DRS XI PRES. PRUDENTE,11,35114,Extremo Oeste Paulista,354150
354425,Rosana,11,DRS XI PRES. PRUDENTE,11,35115,Pontal do Paranapanema,354425
354710,Santa Mercedes,11,DRS XI PRES. PRUDENTE,11,35111,Alta Paulista,354710
354930,Sao Joao do Pau d  Alho,11,DRS XI PRES. PRUDENTE,11,35111,Alta Paulista,354930
355430,Teodoro Sampaio,11,DRS XI PRES. PRUDENTE,11,35115,Pontal do Paranapanema,355430
355510,Tupi Paulista,11,DRS XI PRES. PRUDENTE,11,35111,Alta Paulista,355510
